algoritmo,tipo_entrada,n,repeticoes,tempo_medio,tempo_minimo,tempo_maximo,desvio_tempo,comparacoes,trocas,movimentacoes
Bubble Sort,aleatoria,100,3,0.0003091383334018853,0.0002884430000449356,0.00032947599993349286,1.6753561096715077e-05,4775.0,2289.3333333333335,4578.666666666667
Bubble Sort,aleatoria,500,3,0.008524411000053078,0.008475899000131903,0.008553669000320951,3.4545434906686106e-05,124479.0,61300.333333333336,122600.66666666667
Bubble Sort,aleatoria,1000,3,0.03768895600008667,0.03661491900038527,0.03824074199974348,0.0007595545565642212,498589.6666666667,245485.0,490970.0
Bubble Sort,aleatoria,5000,3,1.0466006496665916,1.0299245349997364,1.0740640779999922,0.0195678207979867,12492978.666666666,6247762.666666667,12495525.333333334
Bubble Sort,aleatoria,10000,3,4.216613725666623,4.188908818000073,4.236003642000014,0.020105304814886864,49989838.666666664,24846059.666666668,49692119.333333336
Bubble Sort,ordenada,100,3,3.064666695233124e-06,2.6230000003124587e-06,3.6399997043190524e-06,4.2581068731246434e-07,99.0,0.0,0.0
Bubble Sort,ordenada,500,3,1.8387333360199893e-05,1.779000012902543e-05,1.8969999928231118e-05,4.818445218028906e-07,499.0,0.0,0.0
Bubble Sort,ordenada,1000,3,3.9786000039991144e-05,3.918599986718618e-05,4.056800025864504e-05,5.786906387209379e-07,999.0,0.0,0.0
Bubble Sort,ordenada,5000,3,0.00022336566674615219,0.00021313400020517292,0.00023012600013316842,7.358425138918508e-06,4999.0,0.0,0.0
Bubble Sort,ordenada,10000,3,0.0004396669998338136,0.00043432299980850075,0.0004448589997991803,4.30264662462285e-06,9999.0,0.0,0.0
Bubble Sort,inversa,100,3,0.00039813366674934514,0.00039139000000432134,0.00040236900031231926,4.820332869203345e-06,4950.0,4950.0,9900.0
Bubble Sort,inversa,500,3,0.010803077000067182,0.01069092699981411,0.010871706000216363,7.996174016007715e-05,124750.0,124750.0,249500.0
Bubble Sort,inversa,1000,3,0.047567948666558856,0.04745526199985761,0.047763982999640575,0.00013913372235623307,499500.0,499500.0,999000.0
Bubble Sort,inversa,5000,3,1.4101571800000177,1.3236538510000173,1.4816980010000407,0.06538295303591252,12497500.0,12497500.0,24995000.0
Bubble Sort,inversa,10000,3,5.442678858666568,5.3826965219996055,5.534707061000063,0.06606564473582553,49995000.0,49995000.0,99990000.0
Bubble Sort,parcialmente_ordenada,100,3,0.0001992076665070878,0.00019382699974812567,0.000209452000035526,7.2469119551569165e-06,4638.666666666667,523.3333333333334,1046.6666666666667
Bubble Sort,parcialmente_ordenada,500,3,0.005249553999874479,0.005097613999623718,0.005403409999871656,0.00012484804559458233,119517.66666666667,14267.0,28534.0
Bubble Sort,parcialmente_ordenada,1000,3,0.02471366966650142,0.024577302999659878,0.024978641999950923,0.00018739052164114717,494512.0,56160.0,112320.0
Bubble Sort,parcialmente_ordenada,5000,3,0.6646787436666273,0.6569655520002016,0.6780053689999477,0.009462256707402365,12468250.666666666,1433328.0,2866656.0
Bubble Sort,parcialmente_ordenada,10000,3,2.7021571146665337,2.6986864809996405,2.7047656459999416,0.002555579138574048,49959748.666666664,5750635.333333333,11501270.666666666
Insertion Sort,aleatoria,100,3,0.00015082966683621635,0.00013774300032309839,0.00016072900007202406,9.650850262365134e-06,2386.0,0.0,2388.3333333333335
Insertion Sort,aleatoria,500,3,0.0040104426666403015,0.0038662320002913475,0.004101166999589623,0.00010309931900590693,61794.666666666664,0.0,61799.333333333336
Insertion Sort,aleatoria,1000,3,0.016110572000191798,0.015615905000231578,0.01643203999992693,0.00035498122456562026,246478.33333333334,0.0,246484.0
Insertion Sort,aleatoria,5000,3,0.4741191349999099,0.4390032820001579,0.5043314859999555,0.026894569567797316,6252755.0,0.0,6252761.666666667
Insertion Sort,aleatoria,10000,3,1.761111401666767,1.7400137800000266,1.7917246850001902,0.02215724541694459,24856051.0,0.0,24856058.666666668
Insertion Sort,ordenada,100,3,5.546333341044374e-06,5.062000127509236e-06,6.265000138228061e-06,5.183219255549918e-07,99.0,0.0,99.0
Insertion Sort,ordenada,500,3,3.327733338664984e-05,3.2701999771234114e-05,3.4034000236715656e-05,5.586994520027488e-07,499.0,0.0,499.0
Insertion Sort,ordenada,1000,3,7.423966674953893e-05,7.369300010395818e-05,7.459200014636735e-05,3.9189652353727014e-07,999.0,0.0,999.0
Insertion Sort,ordenada,5000,3,0.0004070106665494677,0.00040589499985799193,0.0004077459998370614,8.020973981631713e-07,4999.0,0.0,4999.0
Insertion Sort,ordenada,10000,3,0.0008405456668090968,0.0008118040000226756,0.0008616190002612711,2.1047344476784693e-05,9999.0,0.0,9999.0
Insertion Sort,inversa,100,3,0.0002854483330641718,0.0002822189999278635,0.00029131499968571006,4.155393991181634e-06,4950.0,0.0,5049.0
Insertion Sort,inversa,500,3,0.007566547333378064,0.007473177000065334,0.007624372999998741,6.664645575298799e-05,124750.0,0.0,125249.0
Insertion Sort,inversa,1000,3,0.032348891666515556,0.03223625699956756,0.03247207999993407,9.65631288585994e-05,499500.0,0.0,500499.0
Insertion Sort,inversa,5000,3,0.8604235396666505,0.8475517709998712,0.8674813029997495,0.009115867300064986,12497500.0,0.0,12502499.0
Insertion Sort,inversa,10000,3,3.4812934550000136,3.4426864329998352,3.5397197120000783,0.04201956580269315,49995000.0,0.0,50004999.0
Insertion Sort,parcialmente_ordenada,100,3,3.4005000088654924e-05,3.2281000130751636e-05,3.7195999993855366e-05,2.258815699668717e-06,622.3333333333334,0.0,622.3333333333334
Insertion Sort,parcialmente_ordenada,500,3,0.0009406429999216925,0.0008729020000828314,0.0010273549996782094,6.446630333959612e-05,14766.0,0.0,14766.0
Insertion Sort,parcialmente_ordenada,1000,3,0.003808491666707899,0.0035372389997974096,0.003987710000274092,0.00019507907704862076,57159.0,0.0,57159.0
Insertion Sort,parcialmente_ordenada,5000,3,0.10098340799989576,0.09632939399989482,0.10667582499991113,0.004287257802866057,1438326.3333333333,0.0,1438327.0
Insertion Sort,parcialmente_ordenada,10000,3,0.4029704146666215,0.3974622460000319,0.4058186530000967,0.003895622031670029,5760633.666666667,0.0,5760634.333333333
Merge Sort,aleatoria,100,3,0.00010792266675707651,0.0001007400001071801,0.0001209810002364975,9.2490402052479e-06,540.0,0.0,1344.0
Merge Sort,aleatoria,500,3,0.0006089476667815082,0.0005931010000495007,0.0006256570000005013,1.3304922104324478e-05,3849.0,0.0,8976.0
Merge Sort,aleatoria,1000,3,0.0013792843331733213,0.0013337539999156434,0.0014066029998502927,3.240877245031822e-05,8706.666666666666,0.0,19952.0
Merge Sort,aleatoria,5000,3,0.008401376666824945,0.008219915000154288,0.008587503999933688,0.0001501038407729542,55201.0,0.0,123616.0
Merge Sort,aleatoria,10000,3,0.01785549966674201,0.017782338999950298,0.017898254000101588,5.1977435165707655e-05,120366.66666666667,0.0,267232.0
Merge Sort,aleatoria,50000,3,0.10473009433326297,0.10175346799996987,0.1088639240001612,0.0030159559898584255,718184.6666666666,0.0,1568928.0
Merge Sort,aleatoria,100000,3,0.22357155866651132,0.223310205999951,0.2239724930000193,0.00028782899891636267,1536438.6666666667,0.0,3337856.0
Merge Sort,ordenada,100,3,7.905233330044818e-05,7.549700012532412e-05,8.504499965056311e-05,4.261964999693948e-06,356.0,0.0,1344.0
Merge Sort,ordenada,500,3,0.0004916836666476835,0.0004830070001844433,0.0004991380001229118,6.641930603065344e-06,2272.0,0.0,8976.0
Merge Sort,ordenada,1000,3,0.0010830236666758235,0.0010628080003698415,0.0011173230000167678,2.438214585155646e-05,5044.0,0.0,19952.0
Merge Sort,ordenada,5000,3,0.007107065666635511,0.00690774800023064,0.007312865999665519,0.00016545224304203126,32004.0,0.0,123616.0
Merge Sort,ordenada,10000,3,0.014738312000038908,0.014591483000003791,0.015022647000023426,0.00020109122928793055,69008.0,0.0,267232.0
Merge Sort,ordenada,50000,3,0.08507444233343146,0.0843577919999916,0.08633667600042827,0.0008952621039626314,401952.0,0.0,1568928.0
Merge Sort,ordenada,100000,3,0.17693534999989424,0.17452317800007222,0.18163670199965054,0.0033247370549883094,853904.0,0.0,3337856.0
Merge Sort,inversa,100,3,7.888466658793429e-05,7.620799988217186e-05,8.352299983016565e-05,3.2927605196869675e-06,316.0,0.0,1344.0
Merge Sort,inversa,500,3,0.0005085016667483918,0.0004968700000063109,0.0005271850000099221,1.334277099733234e-05,2216.0,0.0,8976.0
Merge Sort,inversa,1000,3,0.0010990036666953529,0.0010909739999078738,0.0011043919998883212,5.787524700418983e-06,4932.0,0.0,19952.0
Merge Sort,inversa,5000,3,0.006726441000106813,0.00662808800007042,0.006869701000141504,0.00010362332246321383,29804.0,0.0,123616.0
Merge Sort,inversa,10000,3,0.014280115666679194,0.014194671000041126,0.014407666999886715,9.191137947228951e-05,64608.0,0.0,267232.0
Merge Sort,inversa,50000,3,0.08359726033328722,0.08200418700016598,0.08573614199985968,0.0015716874334258926,382512.0,0.0,1568928.0
Merge Sort,inversa,100000,3,0.17284305499985445,0.17110009399993942,0.17433701799973278,0.001333146465603405,815024.0,0.0,3337856.0
Merge Sort,parcialmente_ordenada,100,3,8.393366670134128e-05,8.101399998849956e-05,8.912700013752328e-05,3.6816991667012874e-06,494.3333333333333,0.0,1344.0
Merge Sort,parcialmente_ordenada,500,3,0.0005765603333808637,0.0005642689998239803,0.0005844060001436446,8.801426414761029e-06,3542.0,0.0,8976.0
Merge Sort,parcialmente_ordenada,1000,3,0.0012237150000752688,0.0012123540000175126,0.0012335800001892494,8.729806515476154e-06,8091.666666666667,0.0,19952.0
Merge Sort,parcialmente_ordenada,5000,3,0.007686943666764516,0.0076765670000895625,0.007695909000176471,7.959151463354323e-06,52787.0,0.0,123616.0
Merge Sort,parcialmente_ordenada,10000,3,0.01673553666675313,0.016544201000215253,0.016971015999843075,0.000177020259573718,115475.0,0.0,267232.0
Merge Sort,parcialmente_ordenada,50000,3,0.09506624966676706,0.09489894800026377,0.09517099499998949,0.000119547378725202,692603.0,0.0,1568928.0
Merge Sort,parcialmente_ordenada,100000,3,0.20236333599996215,0.20055921699986357,0.20436241300012625,0.0015587562179390953,1485630.6666666667,0.0,3337856.0
Quick Sort,aleatoria,100,3,7.555800008655449e-05,6.717599990224699e-05,8.487600007356377e-05,7.2562420595028355e-06,727.6666666666666,343.0,686.0
Quick Sort,aleatoria,500,3,0.00048797066680587403,0.0004689739998866571,0.0005011870002817886,1.3771432741996626e-05,4864.0,2243.6666666666665,4487.333333333333
Quick Sort,aleatoria,1000,3,0.0011335440000645274,0.0010968980000143347,0.0011884430000463908,3.953901670161995e-05,11274.666666666666,5388.333333333333,10776.666666666666
Quick Sort,aleatoria,5000,3,0.0069222883333471446,0.006785931999729655,0.007087218000378925,0.00012464787759554558,70305.66666666667,32691.333333333332,65382.666666666664
Quick Sort,aleatoria,10000,3,0.01455181766671861,0.01429815299979964,0.014818927000305848,0.00021281754187907155,148914.66666666666,68706.33333333333,137412.66666666666
Quick Sort,aleatoria,50000,3,0.08656196666682565,0.08340047299998332,0.08836902400025792,0.002243137400536494,893295.0,430993.3333333333,861986.6666666666
Quick Sort,aleatoria,100000,3,0.1847941600000619,0.18319278100034353,0.18661212799997884,0.0014043187131687728,1912179.0,895784.6666666666,1791569.3333333333
Quick Sort,ordenada,100,3,4.697233331777776e-05,4.4999999772699084e-05,5.067100028099958e-05,2.617280012307235e-06,669.0,126.0,252.0
Quick Sort,ordenada,500,3,0.00030753299991677824,0.00029740299987679464,0.00032271600002786727,1.0934245941109186e-05,4263.0,510.0,1020.0
Quick Sort,ordenada,1000,3,0.000695037000089845,0.0006940440002836112,0.0006967939998503425,1.245898966433961e-06,9520.0,1022.0,2044.0
Quick Sort,ordenada,5000,3,0.004522165333431379,0.004415244000028906,0.004663404999973864,0.00010417703350723681,60678.0,5904.0,11808.0
Quick Sort,ordenada,10000,3,0.009488336000079775,0.009339239999917481,0.009628739000163478,0.00011834721225735908,131343.0,11808.0,23616.0
Quick Sort,ordenada,50000,3,0.054979219999950146,0.054898186000173155,0.05508065200001511,7.58749808847501e-05,782782.0,65534.0,131068.0
Quick Sort,ordenada,100000,3,0.11518216066679088,0.11484239299988985,0.11574041700032467,0.0003978397913938562,1665551.0,131070.0,262140.0
Quick Sort,inversa,100,3,7.262866650611007e-05,6.976799977564951e-05,7.830200001990306e-05,4.0117004597199705e-06,851.0,468.0,936.0
Quick Sort,inversa,500,3,0.0006239933334957944,0.0006185810002534708,0.0006336930000543362,6.874060164541481e-06,6843.0,3836.0,7672.0
Quick Sort,inversa,1000,3,0.0015006576666867961,0.001457130000289908,0.001570260999869788,4.973001149702019e-05,15995.0,9084.0,18168.0
Quick Sort,inversa,5000,3,0.010073410000131844,0.010041809000085777,0.010106870000072377,2.6593549847908413e-05,108443.0,62892.0,125784.0
Quick Sort,inversa,10000,3,0.02235711466664725,0.022309608999876218,0.022406596000109857,3.961941441378746e-05,242135.0,140544.0,281088.0
Quick Sort,inversa,50000,3,0.13878244133350867,0.13846121900041908,0.13920902600011686,0.0003142501585177194,1504807.0,881600.0,1763200.0
Quick Sort,inversa,100000,3,0.30191112466688236,0.299340530000336,0.3056469670000297,0.0027032250493519414,3259375.0,1913232.0,3826464.0
Quick Sort,parcialmente_ordenada,100,3,6.0122333252365934e-05,5.3873000069870614e-05,7.168799993451103e-05,8.18702658494557e-06,747.6666666666666,208.0,416.0
Quick Sort,parcialmente_ordenada,500,3,0.00042971533336337114,0.00042457800009287894,0.00043304600012561423,3.6855383182219053e-06,5212.0,1645.0,3290.0
Quick Sort,parcialmente_ordenada,1000,3,0.0010646239999611378,0.000998961999812309,0.0011855769998874166,8.563142162995467e-05,13694.333333333334,3956.6666666666665,7913.333333333333
Quick Sort,parcialmente_ordenada,5000,3,0.0062757183330480375,0.006142999999610765,0.006520735999856697,0.0001734540797582885,79165.0,25040.0,50080.0
Quick Sort,parcialmente_ordenada,10000,3,0.013651994000004683,0.013359710999793606,0.014064057000268804,0.00029976241526235686,175170.0,56657.333333333336,113314.66666666667
Quick Sort,parcialmente_ordenada,50000,3,0.08131714833310373,0.0797019549995639,0.08292616699964128,0.0013162862784478655,1030492.0,358125.3333333333,716250.6666666666
Quick Sort,parcialmente_ordenada,100000,3,0.17293313066663055,0.16862611599981392,0.17865952500005733,0.004217290047730579,2296615.0,734803.6666666666,1469607.3333333333
